url,site,icon_url,host,host_1,oss_id
https://baijiahao.baidu.com/s?id=1799096320259779535&wfr=spider&for=pc,百度,,baijiahao.baidu.com,baidu.com,img/9d52e8eb775c93086a60a9f460322642.jpg
https://zhuanlan.zhihu.com/p/695134208,知乎,https://static.zhihu.com/heifetz/favicon.ico,zhuanlan.zhihu.com,zhihu.com,img/82a7e80ed148db8d275c918930295080.jpg
https://new.qq.com/rain/a/20240603A02DWS00,腾讯,,new.qq.com,qq.com,img/3de44db7981bc96d034e8ef1a507e3f4.jpg
https://dy.163.com/article/IV18TAKI0521RRCK.html,网易,,dy.163.com,163.com,img/a4b57409c15a46e1bfa7ca0e40ee4152.jpg
https://www.sohu.com/a/756887569_120995617,搜狐,,www.sohu.com,sohu.com,img/58f06a8069697142910403937b8d4a6b.jpg
https://www.163.com/dy/article/J0KPOONT0553E8QM.html,网易,,www.163.com,163.com,img/a4b57409c15a46e1bfa7ca0e40ee4152.jpg
https://mp.weixin.qq.com/s?__biz=MzU1ODMyMzc3MA==&mid=2247529534&idx=4&sn=96ee9bf6b8851dde24d05dec4e50242e&chksm=fded9f52a2b1dc9f3976b30d86651ee7eca9da0e860833a1b194ed0960e8205d8d0f0d75c763&scene=27,电子课本网,,mp.weixin.qq.com,qq.com,img/b581590bcfbaa402a9d23ca412a5783a.jpg
https://m.gmw.cn/2024-05/02/content_1303727637.htm,光明网,https://img.gmw.cn/pic/gmwLogo_share.jpg,m.gmw.cn,gmw.cn,img/129809697aeb83f6a945125bd5485d3a.jpg
https://cj.sina.com.cn/articles/view/1888089111/7089f41702700xdps,新浪网,,cj.sina.com.cn,sina.com.cn,img/b727c7af1f636fc2bf0f6b27ed745634.jpg
https://wap.yzwb.net/wap/news/3758947.html,紫牛新闻,,wap.yzwb.net,,img/6bdaffb8729904369f5967e438ed2ecb.jpg
https://share.hntv.tv/news/0/1660092582336995330,大象新闻,,share.hntv.tv,,img/d7117ab973e96af588d1cda38dcf0267.jpg
http://news.hnr.cn/djn/article/1/1733445323551494146,映象新闻,,news.hnr.cn,hnr.cn,img/c25d40035f9d76e55768147c2a103a2f.jpg
https://tianqi.2345.com/alert/72173-0501.htm,2345天气预报,,tianqi.2345.com,2345.com,img/a66fae65f5a210674945bf27f9306878.jpg
https://wapask-mip.39.net/bdar/124321948.html,39健康,https://image.39.net/dist/common/v2019/pc/base/images/39logos_bottom.png,wapask-mip.39.net,,img/32cf03333cb538b3a5ae725414d147bc.jpg
https://www.bohe.cn/iask/view/m90gc31bkng400i.html,博禾医生,,www.bohe.cn,bohe.cn,img/2e210d28d69de78d7dad161dd84859b6.jpg
https://m.youlai.cn/video/mip/03A200usmO.html,有来医生,,m.youlai.cn,youlai.cn,img/2703778d031b39f68447102f11f19a29.jpg
https://www.miaoshou.net/voice/660359.html,妙手医生,,www.miaoshou.net,,img/a8b045bd5003245246d05bcfc1d1eb84.jpg
https://baike.baidu.com/item/%E5%85%A8%E5%9B%BD%E5%B9%B4%E8%8A%82%E5%8F%8A%E7%BA%AA%E5%BF%B5%E6%97%A5%E6%94%BE%E5%81%87%E5%8A%9E%E6%B3%95/7948640,百度百科,,baike.baidu.com,baidu.com,img/edd2ec3e701645a36b3c4c322a50aa37.jpg
https://news.cctv.com/2017/09/30/ARTILCcnlxUPyapV2SAX2EAl170930.shtml,央视网,https://p1.img.cctvpic.com/photoAlbum/page/performance/img/2014/5/13/1399949364697_218.jpg,news.cctv.com,cctv.com,img/a79f4c96d0399e0427060011ccd977b9.jpg
https://www.gov.cn/govweb/zhengce/jiedu/tujie/202310/content_6911524.htm?eqid=ef359f0e00008e04000000066576aff5,中央人民政府,,www.gov.cn,gov.cn,img/f2a741bde1684dd51c118a54f2b4e150.jpg
https://lvlin.baidu.com/question/1184739929406044619.html,律临,,lvlin.baidu.com,baidu.com,img/82b8e82af32b5e6e0736eb6606a8513c.jpg
https://zhidao.baidu.com/question/1520795313475799300.html,百度知道,,zhidao.baidu.com,baidu.com,img/9d52e8eb775c93086a60a9f460322642.jpg
https://movie.douban.com/subject/35559846/,豆瓣,,movie.douban.com,douban.com,img/e2175b3ba43bd4fd19e3603ab6c2c072.jpg
https://www.thepaper.cn/newsDetail_forward_5062769,Paper,,www.thepaper.cn,thepaper.cn,img/32bc80132f44781ca5ba156d69db76b8.jpg
https://m.thepaper.cn/newsDetail_forward_27623560,澎湃,,m.thepaper.cn,thepaper.cn,img/6e755004dcc7236c87c890bd1b05acbe.jpg
http://www.moe.gov.cn/jyb_xwfb/xw_zt/moe_357/jyzt_2017nztzl/2017_zt01/17zt01_bztjg/201703/t20170314_299502.html,中华人民共和国教育部政府门户网站,,www.moe.gov.cn,gov.cn,img/74c2475b024373238fdd9cc8263411b6.jpg
https://www.cma.gov.cn/ztbd/2023zt/20230324/2023032406/202309/t20230908_5764003.html,中国气象局政府门户网站,https://www.cma.gov.cn/images/pic_footer_zgqxj.jpg,www.cma.gov.cn,gov.cn,img/fac485a59be9162611e6c37687da1031.jpg
https://upimg.baike.so.com/doc/2849246-3006712.html,360百科,,upimg.baike.so.com,so.com,img/93ab69432f0b9cddbedc8130de548d3c.jpg
https://jingyan.baidu.com/article/ca41422f18b37d5fae99ed84.html,百度经验,,jingyan.baidu.com,baidu.com,img/96157dc0a284bc9e72f45b6123b3a954.jpg
http://tv.cntv.cn/video/VSET100034782842/d39ff2b1a2a04b468b90835170397ca2,央视 ,,tv.cntv.cn,tvtv.cn,img/c04d6765b3464d5b183a97f16decb75e.jpg
http://www.360doc.com/content/19/0607/12/61492514_840948321.shtml,个人图书馆,http://pubimage.360doc.com/index7/nlogo.jpg,www.360doc.com,360doc.com,img/137547a0ee5303dcef6cc2a9562a11a2.jpg
https://mil.sohu.com/a/782991523_121974721,搜狐,,mil.sohu.com,sohu.com,img/58f06a8069697142910403937b8d4a6b.jpg
https://www.zhihu.com/question/657727754/answer/3519368560,知乎,https://static.zhihu.com/heifetz/favicon.ico,www.zhihu.com,zhihu.com,img/82a7e80ed148db8d275c918930295080.jpg
https://m.163.com/dy/article/J3OMTCF00514R9OM.html,网易,,m.163.com,163.com,img/a4b57409c15a46e1bfa7ca0e40ee4152.jpg
http://k.sina.com.cn/article_1784473157_6a5ce64502002xar6.html,新浪网,,k.sina.com.cn,sina.com.cn,img/b727c7af1f636fc2bf0f6b27ed745634.jpg
https://news.southcn.com/node_54a44f01a2/6cf8813bc4.shtml,南方网,,news.southcn.com,southcn.com,img/07910a6bb9ead2475757136ba520fdd0.jpg
http://www.stcn.com/article/detail/1223138.html,证券时报,,www.stcn.com,stcn.com,img/7320e8f779dbc2f6f7bf262fb9cf6765.jpg
http://finance.sina.com.cn/jjxw/2024-05-31/doc-inaxansy9722249.shtml,新浪网,https://n.sinaimg.cn/finance/page/ent/images/sina_logo.png,finance.sina.com.cn,sina.com.cn,img/0f4e727408060a69bbb87cef37e7e218.jpg
https://www.66law.cn/laws/1569301.aspx,华律网,https://css.66law.cn/images/2020/hd-logo.png,www.66law.cn,66law.cn,img/5f17e0b1549116d8dbc614a74710f2f4.jpg
https://www.64365.com/tuwen/tjnrp/,律图,https://image.64365.com/images/newlvtu/logo_new.png,www.64365.com,64365.com,img/77fb710606a448a9b38b9ff8c1ef9eec.jpg
https://mip.66law.cn/v/wenda/327575.aspx,华律网,https://css.66law.cn/images/2020/hd-logo.png,mip.66law.cn,66law.cn,img/5f17e0b1549116d8dbc614a74710f2f4.jpg
http://sc.sina.com.cn/news/m/2024-06-04/detail-inaxprin3877438.shtml,新浪网,,sc.sina.com.cn,sina.com.cn,img/b727c7af1f636fc2bf0f6b27ed745634.jpg
https://m.findlaw.cn/ask/question_jx_794276.html,找法网,https://pic1.findlawimg.com/images/v3/pc/common/h_logo.png,m.findlaw.cn,findlaw.cn,img/3110e557d758e3c5261d6ef22075c0d8.jpg
https://www.110ask.com/tuwen/11288005624563599098.html,法师兄,https://static.110ask.com/images/logo.png,www.110ask.com,110ask.com,img/2908437a122aeb27e138b0bb37a674be.jpg
https://m.sohu.com/a/720411252_121631145,手机搜狐网,,m.sohu.com,sohu.com,img/58f06a8069697142910403937b8d4a6b.jpg
https://www.woshipm.com/operate/2047907.html,人人都是产品经理,,www.woshipm.com,woshipm.com,img/4b273cd0ef6fb290f194324c47b3cd7e.jpg
https://www.cwl.gov.cn/c/2019-01-18/448206.shtml,中国福彩,,www.cwl.gov.cn,gov.cn,img/57246555aa94a91d077909fb793f0529.jpg
http://m.app.cctv.com/vsetv/detail/VSET100258670037/f3b66ddf26194745b987bdaaff850929/index.shtml,央视网,https://p1.img.cctvpic.com/photoAlbum/page/performance/img/2014/5/13/1399949364697_218.jpg,m.app.cctv.com,cctv.com,img/a79f4c96d0399e0427060011ccd977b9.jpg
https://world.huanqiu.com/article/42NL8hFjpCc,环球网,,world.huanqiu.com,huanqiu.com,img/03e3b6dff4fd0734d94edf50d081d4e9.jpg
http://news.sohu.com/a/681813387_121282114,搜狐,,news.sohu.com,sohu.com,img/58f06a8069697142910403937b8d4a6b.jpg
http://sn.ifeng.com/c/8XO0nMp0NLp,凤凰网,,sn.ifeng.com,ifeng.com,img/e4002096efbd4508dc52ec9afe720d3a.jpg
https://3g.163.com/dy/article/HALGM0OQ0534NAC7.html,网易,,3g.163.com,163.com,img/a4b57409c15a46e1bfa7ca0e40ee4152.jpg
https://mp.pdnews.cn/Pc/ArtInfoApi/article?id=29391056,人民号,,mp.pdnews.cn,pdnews.cn,img/11fd12899b46bbed248d57fede24fe58.jpg
http://www.moa.gov.cn/gk/nszd_1/2021/202201/t20220113_6386849.htm,农业农村部,,www.moa.gov.cn,gov.cn,img/74c2475b024373238fdd9cc8263411b6.jpg
http://henan.people.cn/n2/2023/0524/c378397-40429456.html,人民网,http://henan.people.cn/img/2020wbc/imgs/icon_download_rmw.png,henan.people.cn,people.cn,img/5a0ae3884b4805fa0ad5c8397de6d709.jpg
https://nyncj.wuhan.gov.cn/xwzx_25/whsn/202207/t20220714_2005945.html,武汉农业局,,nyncj.wuhan.gov.cn,gov.cn,img/2d9edddb569918aac6e62c7d64dc2cdd.jpg
https://mbd.baidu.com/newspage/data/dtlandingsuper?nid=dt_5093895496703562891,百度,,mbd.baidu.com,baidu.com,img/9d52e8eb775c93086a60a9f460322642.jpg
https://m.chinabgao.com/freereport/81062.html,中国报告网,,m.chinabgao.com,chinabgao.com,img/b08d8dda40003de8afc85ef83ce8ffea.jpg
https://d.wanfangdata.com.cn/thesis/Y1782257,万方数据,,d.wanfangdata.com.cn,wanfangdata.com.cn,img/2c817db1f61095501972b427d3b3add3.jpg
https://www.semanticscholar.org/paper/74fd543e6f974173b1aeae15d12b27935c4f35d8,semantic,,www.semanticscholar.org,,img/9d781ec47a7398e4d9b39bc41e65740a.jpg
http://news.xinhuanet.com/politics/leaders/2021-03/25/c_1127255555_5.htm,新华网,http://www.newsimg.cn/common/share/logo4share.jpg,news.xinhuanet.com,xinhuanet.com,img/f108c92cf5bfa123ff3316e3950539cc.jpg
http://www.cppcc.gov.cn/zxww/2021/04/06/ARTI1617675198145216.shtml,政协,,www.cppcc.gov.cn,gov.cn,img/27fa36f352149d7c8f39da3de01ef114.jpg
http://www.chinanews.com.cn/sh/2024/05-15/10217089.shtml,中新网,http://image.cns.com.cn/default/5ddb9ec3/20210721/2.jpg,www.chinanews.com.cn,chinanews.com.cn,img/fe8932a43cdfd3debfac6e40fc007d9a.jpg
http://www.cnr.cn/hnfw/hnpdgb/yw/20220525/t20220525_525837451.html,央广网,http://www.cnr.cn/2021/images/logo0623.png?v=1,www.cnr.cn,wwwr.cn,img/574bc4a8bf118445012eae89d623137b.jpg
http://www.ha.chinanews.com.cn/news/hnzf/2023/0406/46487.shtml,中新网,http://image.cns.com.cn/default/5ddb9ec3/20210721/2.jpg,www.ha.chinanews.com.cn,chinanews.com.cn,img/fe8932a43cdfd3debfac6e40fc007d9a.jpg
http://cnews.chinadaily.com.cn/a/202108/22/WS6121def2a3101e7ce975fbbb.html,中国日报,,cnews.chinadaily.com.cn,chinadaily.com.cn,img/998a9fc865048d99fdfb02ebd1727806.jpg
https://baike.sogou.com/v722886.htm?ch=frombaikevr&fromTitle=%E8%B0%83%E4%BC%91,搜狗百科,https://search.sogoucdn.com/baike/common/logo.2e6e7ec0.svg,baike.sogou.com,sogou.com,img/e0a50f05b2db22a5837036fdb9215163.jpg
https://www.baihuwang.com/zixun/202402/259014.html,百湖网,,www.baihuwang.com,baihuwang.com,img/54de662256e2af5f404156154b494134.jpg
https://www.xiaohongshu.com/discovery/item/6515452c000000001e02a934?growthChannel=shengtai_contentcoop_qqbrowser_allsearch,小红书,,www.xiaohongshu.com,xiaohongshu.com,img/2db5e379790c33ab9deb93462496635d.jpg
http://pc.bishen.ink/thd/zws/g4/zw-g4-xushi-6413c60ca55177232f60ddccda38376baf1fe0cf.html,笔神作文,,pc.bishen.ink,,img/37b68b2f95528464e398d2a8dd14e92f.jpg
https://www.tianqi.com/baike/quanqiuqihoubiannuan.html,天气网,https://static.tianqistatic.com/static/img/logo_210.png,www.tianqi.com,tianqi.com,img/f020b1edd5fec6e247650f1ba31a387c.jpg
https://www.kaoshibaike.com/862179759.html,考试百科,,www.kaoshibaike.com,kaoshibaike.com,img/9d8cfe69751d00044c418ed8fbee6e68.jpg
https://news.gmw.cn/2023-12/18/content_37033891.htm,光明日报,https://img.gmw.cn/pic/gmwLogo_share.jpg,news.gmw.cn,gmw.cn,img/129809697aeb83f6a945125bd5485d3a.jpg
https://www.chinadaily.com.cn/hqgj/qqbn_hqzk.html,中国日报,,www.chinadaily.com.cn,chinadaily.com.cn,img/998a9fc865048d99fdfb02ebd1727806.jpg
http://www.xinhuanet.com/world/2018-07/18/c_129915487.htm,新华网,http://www.newsimg.cn/common/share/logo4share.jpg,www.xinhuanet.com,xinhuanet.com,img/f108c92cf5bfa123ff3316e3950539cc.jpg
http://kpzg.people.com.cn/n1/2017/0710/c404177-29393109.html,人民网,http://henan.people.cn/img/2020wbc/imgs/icon_download_rmw.png,kpzg.people.com.cn,people.com.cn,img/5a0ae3884b4805fa0ad5c8397de6d709.jpg
https://v.cctv.com/2023/10/10/VIDEVB4a5ffoyWDkBOULfLY3231010.shtml,央视网,,v.cctv.com,cctv.com,img/f1693311055d93a6a583ac0eb44c9881.jpg
https://mil.gmw.cn/2024-04/08/content_37250723.htm,光明日报,https://img.gmw.cn/pic/gmwLogo_share.jpg,mil.gmw.cn,gmw.cn,img/129809697aeb83f6a945125bd5485d3a.jpg
http://www.china.com.cn/opinion2020/2023-10/23/content_116766608.shtml,中国网,http://images.china.cn/images1/ch/20221220/img/nav2.png,www.china.com.cn,china.com.cn,img/3ee076918d67998107c6941c6c9e77a1.jpg
http://www.news.cn/world/2023-11/06/c_1129961316.htm,新华网,http://www.newsimg.cn/common/share/logo4share.jpg,www.news.cn,news.cn,img/f108c92cf5bfa123ff3316e3950539cc.jpg
http://news.17173.com/z/zqwn/content/08132020/142147492.shtml,17173,,news.17173.com,17173.com,img/b3734de1754d87ac3780aba6f356a2e9.jpg
http://kf.qq.com/touch/faq/200215r26VFR200215imyMzy.html,腾讯,,kf.qq.com,qq.com,img/3de44db7981bc96d034e8ef1a507e3f4.jpg
https://yule.sohu.com/a/717657511_121673248,搜狐,,yule.sohu.com,sohu.com,img/58f06a8069697142910403937b8d4a6b.jpg
http://news.sxrb.com/GB/314086/9797598.html,山西新闻网,,news.sxrb.com,sxrb.com,img/8ce8c9289e32e2e42ce278b91313b30f.jpg
http://finance.people.com.cn/n1/2022/0618/c1004-32449898.html,人民网,http://henan.people.cn/img/2020wbc/imgs/icon_download_rmw.png,finance.people.com.cn,people.com.cn,img/5a0ae3884b4805fa0ad5c8397de6d709.jpg
http://gz.people.com.cn/n2/2022/0523/c399712-35281986.html,人民网,http://henan.people.cn/img/2020wbc/imgs/icon_download_rmw.png,gz.people.com.cn,people.com.cn,img/5a0ae3884b4805fa0ad5c8397de6d709.jpg
http://cpc.people.com.cn/n1/2021/0325/c64094-32060288.html,人民网,http://henan.people.cn/img/2020wbc/imgs/icon_download_rmw.png,cpc.people.com.cn,people.com.cn,img/5a0ae3884b4805fa0ad5c8397de6d709.jpg
http://politics.people.com.cn/n1/2021/0327/c1001-32062386.html,人民网,http://henan.people.cn/img/2020wbc/imgs/icon_download_rmw.png,politics.people.com.cn,people.com.cn,img/5a0ae3884b4805fa0ad5c8397de6d709.jpg
https://news.sina.com.cn/w/2024-06-04/doc-inaxqhez3422973.shtml?cre=tianyi&r=0&tj=cxvertical_pc_hp&tr=181,新浪网,,news.sina.com.cn,sina.com.cn,img/b727c7af1f636fc2bf0f6b27ed745634.jpg
https://china.usembassy-china.org.cn/zh/remarks-by-president-biden-on-the-united-states-response-to-hamass-terrorist-attacks-against-israel-and-russias-ongoing-brutal-war-against-ukraine/,美驻华使馆,,china.usembassy-china.org.cn,org.cn,img/6f2a54bdb7e95066de60a34f237aa1dd.jpg
https://www.guancha.cn/politics/2024_04_15_731636.shtml?s=zwyxgtjbt,观察者,,www.guancha.cn,guancha.cn,img/8b247781398b7a9a65483e3876a173e8.jpg
https://news.bjd.com.cn/2024/04/14/10746573.shtml,京报网,,news.bjd.com.cn,bjd.com.cn,img/cc18de58072dd1a112a562bff889dff5.jpg
https://henan.sina.com.cn/news/m/2024-05-15/detail-inavhmaq0754079.shtml,新浪网,,henan.sina.com.cn,sina.com.cn,img/b727c7af1f636fc2bf0f6b27ed745634.jpg
http://health.people.com.cn/n1/2019/0206/c14739-30614868.html,人民网,http://henan.people.cn/img/2020wbc/imgs/icon_download_rmw.png,health.people.com.cn,people.com.cn,img/5a0ae3884b4805fa0ad5c8397de6d709.jpg
https://dxy.com/article/31391,丁香医生,,dxy.com,dxy.com,img/64ba0c142c7e5df672cbbc9642825acd.jpg
https://news.sina.cn/gn/2024-05-16/detail-inavkpzq0000555.d.html?oid=%EF%BB%BFMega%20Fishing%3E%3EFunslot.betFunslot.betFunslot.betFunslot.bet&vt=4,新浪网,,news.sina.cn,sina.cn,img/b727c7af1f636fc2bf0f6b27ed745634.jpg
https://www.familydoctor.com.cn/yinshi/a/201806/2484124.html,家庭医生在线,,www.familydoctor.com.cn,familydoctor.com.cn,img/91504c326a0b702faa40eec98c6fb857.jpg
http://edu.people.com.cn/n1/2021/1101/c1006-32270133.html,人民网,http://henan.people.cn/img/2020wbc/imgs/icon_download_rmw.png,edu.people.com.cn,people.com.cn,img/5a0ae3884b4805fa0ad5c8397de6d709.jpg
http://psy.china.com.cn/2024-04/25/content_42769914.htm,心理中国,http://images.china.cn/images1/ch/20230515/images/logo.png,psy.china.com.cn,china.com.cn,img/9fcc8009ce998a3717096862ae20c870.jpg
http://opinion.people.com.cn/n1/2021/0817/c431649-32196453.html,人民网,http://henan.people.cn/img/2020wbc/imgs/icon_download_rmw.png,opinion.people.com.cn,people.com.cn,img/5a0ae3884b4805fa0ad5c8397de6d709.jpg
https://www.spp.gov.cn/spp/llyj/202111/t20211104_534496.shtml,最高检察院,,www.spp.gov.cn,gov.cn,img/4c08ef385edcad169c8e15d3370ab93f.jpg
https://news.un.org/zh/story/2023/11/1123627,联合国,,news.un.org,,img/fb8aa606d9afb8f760fab76536237e22.jpg
https://wri.org.cn/insights/2023-ipcc-ar6-synthesis-report-climate-change-findings,世界资源研究所,,wri.org.cn,org.cn,img/a825e1dbbcebae69268ca111188e6aaa.jpg
https://www.unesco.org/zh/articles/guanyuxiaoyuanbaoliheqilingnixuyaozhidaozhexieshi,联合国教科文,,www.unesco.org,,img/ea80d78a9c8ea45366c4df47f35545c6.jpg
https://www.un.org/zh/climatechange/science/causes-effects-climate-change,联合国,,www.un.org,,img/fc7d11cbe760405cf9aeacf5a6f7b268.jpg
https://www.who.int/zh/news-room/fact-sheets/detail/climate-change-and-health,世卫,,www.who.int,,img/fe787b2fa742d0975b2952330a511b7f.jpg
https://www.workercn.cn/c/2024-06-04/8276410.shtml,中工网,https://www.workercn.cn/resources/images/logo.png,www.workercn.cn,workercn.cn,img/013bc13b1933139fedc9ceb145e0fb61.jpg
http://it.people.com.cn/n1/2020/0703/c1009-31769597.html,人民网,http://henan.people.cn/img/2020wbc/imgs/icon_download_rmw.png,it.people.com.cn,people.com.cn,img/5a0ae3884b4805fa0ad5c8397de6d709.jpg
https://cwlottery.com/,中国福彩,,cwlottery.com,cwlottery.com,img/3e89f4e00c2cf520c1e48b01832960a7.jpg
https://www.mfa.gov.cn/web/gjhdq_676201/gj_676203/yz_676205/1206_676332/1206x0_676334/,外交部,,www.mfa.gov.cn,gov.cn,img/4c08ef385edcad169c8e15d3370ab93f.jpg
https://news.cri.cn/2024-04-25/ba9d6adb-f314-88d9-7991-530bd789ae42.html,国际在线,,news.cri.cn,cri.cn,img/e2e3780869a8e3bfa8f63b19523f95b7.jpg
http://www3.xinhuanet.com/world/20240419/61dd468199f2496381a419d297817c32/c.html,新华网,http://www.newsimg.cn/common/share/logo4share.jpg,www3.xinhuanet.com,xinhuanet.com,img/f108c92cf5bfa123ff3316e3950539cc.jpg
https://m.guancha.cn/internation/2022_06_09_643767.shtml,观察者,,m.guancha.cn,guancha.cn,img/be75800c3f4ba046cd128b0592eb0546.jpg
https://www.mohurd.gov.cn/xinwen/gzdt/202311/20231108_774966.html,住建部,,www.mohurd.gov.cn,gov.cn,img/cee717ac194c85c1fe4997f2d85456fc.jpg
https://xueqiu.com/8589961169/283267473,雪球,,xueqiu.com,xueqiu.com,img/e7b791b5a4cf2bed1eed25d5c368a360.jpg
https://china.gold.org/goldhub/research/gold-demand-trends/2024/01/31/18506,世界黄金协会,,china.gold.org,,img/19ddcea26d5e5aba04a6def2884199dd.jpg
https://gold.eastmoney.com/,东方财富,,gold.eastmoney.com,eastmoney.com,img/ccd20e31b48219d3010869ceb52d8015.jpg
http://www.qstheory.cn/yaowen/2021-03/25/c_1127254816.htm,求是网,,www.qstheory.cn,qstheory.cn,img/7356c57563009db00175cf1f33af1dba.jpg
http://news.cnr.cn/native/gd/20210326/t20210326_525445974.shtml,央广网,http://www.cnr.cn/2021/images/logo0623.png?v=1,news.cnr.cn,newsr.cn,img/574bc4a8bf118445012eae89d623137b.jpg
http://news.cyol.com/gb/articles/2021-03/26/content_AWqOLtzLo.html,中青在线,,news.cyol.com,cyol.com,img/569a3f599e5360d5662896024e240f31.jpg
https://qnzz.youth.cn/zhuanti/shzyll/fzyjs/202104/t20210412_12850552_1.htm,共青团,https://qnzz.youth.cn/images/20181116sygqtth.jpg,qnzz.youth.cn,youth.cn,img/94814678bf1807d0129c402bc1e227d0.jpg
https://mp.weixin.qq.com/s?src=11&timestamp=1717580032&ver=5304&signature=YhAP9ait56ZjxOzhNm5J9kiq8-fZVqHq*FaPcImSJYFtN*Pv*3Xe-7uVDPGEUU4CjXRpAWC21uGbTZr5iodZBdipO*LSsbNVZWcd8eRuVjZphciD1ejmK5TyKJPuhoh*&new=1,微信,https://res.wx.qq.com/a/wx_fed/assets/res/NTI4MWU5.ico,mp.weixin.qq.com,qq.com,img/aace7af9b4cf9ef918e2e8591ffc7a2b.jpg
https://www.msn.cn/zh-cn/news/other/%E7%A9%BA%E8%85%B9%E8%83%BD%E4%B8%8D%E8%83%BD%E5%96%9D%E7%89%9B%E5%A5%B6-%E8%BF%99%E4%BA%9B%E7%A6%81%E5%BF%8C%E8%A6%81%E7%89%A2%E8%AE%B0/ar-BB1nsGsL,Microsoft Start,https://assets.msn.cn/statics/icons/Microsoft_16_SVG.ico,www.msn.cn,msn.cn,img/6ba63d265116e9ef47d75c07a54dc387.jpg
